{
  "__comment": [
    "Mobs will be able to equip items declared here",
    "The first number is the weight while the second number is the quality",
    "Weight is the weight of an item. Higher weight means that the item is more likely to get choosen",
    "Quality is a modifier applied to the weight. The final weight used is weight + quality * current difficulty"
  ],
  "MAINHAND": {
    "alexsmobs:skelewag_sword": [
      1226,
      -1.808
    ],
    "alexsmobs:tendon_whip": [
      1225,
      -1.8
    ],
    "dungeons_plus:leviathan_blade": [
      979,
      0.168
    ],
    "dungeons_plus:warped_axe": [
      1068,
      -0.544
    ],
    "eidolon:athame": [
      1274,
      -2.192
    ],
    "eidolon:cleaving_axe": [
      1010,
      -0.08
    ],
    "eidolon:deathbringer_scythe": [
      699,
      2.408
    ],
    "eidolon:reaper_scythe": [
      1114,
      -0.912
    ],
    "eidolon:sapping_sword": [
      1185,
      -1.48
    ],
    "eidolon:silver_axe": [
      1104,
      -0.832
    ],
    "eidolon:silver_sword": [
      1242,
      -1.936
    ],
    "enlightened_end:adamantite_axe": [
      581,
      3.352
    ],
    "enlightened_end:adamantite_sword": [
      693,
      2.456
    ],
    "enlightened_end:depleted_irradium_spear": [
      896,
      0.832
    ],
    "enlightened_end:rooting_blade": [
      1132,
      -1.056
    ],
    "enlightened_end:serrated_hook": [
      1295,
      -2.36
    ],
    "enlightened_end:starsteel_axe": [
      608,
      3.136
    ],
    "enlightened_end:starsteel_sword": [
      708,
      2.336
    ],
    "enlightened_end:tenebrium_axe": [
      608,
      3.136
    ],
    "enlightened_end:tenebrium_sword": [
      708,
      2.336
    ],
    "irons_spellbooks:claymore": [
      1072,
      -0.576
    ],
    "irons_spellbooks:keeper_flamberge": [
      1072,
      -0.576
    ],
    "irons_spellbooks:magehunter": [
      903,
      0.776
    ],
    "knight_quest:kq_axe_steel": [
      498,
      4.016
    ],
    "knight_quest:kq_axe_water": [
      498,
      4.016
    ],
    "knight_quest:kq_sword_cleaver": [
      602,
      3.184
    ],
    "knight_quest:kq_sword_crimson": [
      602,
      3.184
    ],
    "knight_quest:kq_sword_hollow": [
      602,
      3.184
    ],
    "knight_quest:kq_sword_khopesh": [
      602,
      3.184
    ],
    "knight_quest:kq_sword_kukri": [
      602,
      3.184
    ],
    "knight_quest:kq_sword_paladin": [
      498,
      4.016
    ],
    "knight_quest:kq_sword_steel": [
      602,
      3.184
    ],
    "knight_quest:kq_sword_uchigatana": [
      602,
      3.184
    ],
    "knight_quest:kq_sword_water": [
      602,
      3.184
    ],
    "majruszsdifficulty:enderium_axe": [
      346,
      5.232
    ],
    "majruszsdifficulty:enderium_sword": [
      466,
      4.272
    ],
    "majruszsdifficulty:wither_sword": [
      1150,
      -1.2
    ],
    "malum:soul_stained_steel_axe": [
      904,
      0.768
    ],
    "malum:soul_stained_steel_sword": [
      1012,
      -0.096
    ],
    "malum:tyrving": [
      1083,
      -0.664
    ],
    "minecraft:bow": [
      1108,
      0.0
    ],
    "minecraft:crossbow": [
      1000,
      0.0
    ],
    "minecraft:diamond_axe": [
      693,
      2.456
    ],
    "minecraft:diamond_sword": [
      789,
      1.688
    ],
    "minecraft:enchanted_book": [
      1100,
      0.0
    ],
    "minecraft:golden_axe": [
      1248,
      -1.984
    ],
    "minecraft:golden_sword": [
      1362,
      -2.896
    ],
    "minecraft:iron_axe": [
      1087,
      -0.696
    ],
    "minecraft:iron_sword": [
      1225,
      -1.8
    ],
    "minecraft:lingering_potion{Potion:\"minecraft:harming\"}": [
      1050,
      0.0
    ],
    "minecraft:netherite_axe": [
      498,
      4.016
    ],
    "minecraft:netherite_sword": [
      602,
      3.184
    ],
    "minecraft:snowball": [
      1400,
      0.0
    ],
    "minecraft:splash_potion{Potion:\"minecraft:harming\"}": [
      1050,
      0.0
    ],
    "minecraft:stone_axe": [
      1122,
      -0.976
    ],
    "minecraft:stone_sword": [
      1298,
      -2.384
    ],
    "minecraft:tnt": [
      800,
      0.0
    ],
    "minecraft:trident": [
      900,
      0.0
    ],
    "minecraft:wooden_axe": [
      1240,
      -1.92
    ],
    "minecraft:wooden_sword": [
      1354,
      -2.832
    ],
    "simple_weapons:adamantite_dagger": [
      1338,
      -2.704
    ],
    "simple_weapons:adamantite_fist": [
      1174,
      -1.392
    ],
    "simple_weapons:adamantite_greatsword": [
      1148,
      -1.184
    ],
    "simple_weapons:adamantite_katana": [
      1235,
      -1.88
    ],
    "simple_weapons:adamantite_scimitar": [
      1300,
      -2.4
    ],
    "simple_weapons:adamantite_scythe": [
      1235,
      -1.88
    ],
    "simple_weapons:adamantite_sickle": [
      1212,
      -1.696
    ],
    "simple_weapons:adamantite_spear": [
      852,
      1.184
    ],
    "simple_weapons:corinthium_dagger": [
      1110,
      -0.88
    ],
    "simple_weapons:corinthium_fist": [
      985,
      0.12
    ],
    "simple_weapons:corinthium_greatsword": [
      962,
      0.304
    ],
    "simple_weapons:corinthium_katana": [
      1017,
      -0.136
    ],
    "simple_weapons:corinthium_scimitar": [
      1076,
      -0.608
    ],
    "simple_weapons:corinthium_scythe": [
      1017,
      -0.136
    ],
    "simple_weapons:corinthium_sickle": [
      996,
      0.032
    ],
    "simple_weapons:corinthium_spear": [
      726,
      2.192
    ],
    "simple_weapons:diamond_dagger": [
      887,
      0.904
    ],
    "simple_weapons:diamond_fist": [
      743,
      2.056
    ],
    "simple_weapons:diamond_greatsword": [
      719,
      2.248
    ],
    "simple_weapons:diamond_halberd": [
      453,
      4.376
    ],
    "simple_weapons:diamond_katana": [
      789,
      1.688
    ],
    "simple_weapons:diamond_scimitar": [
      851,
      1.192
    ],
    "simple_weapons:diamond_scythe": [
      789,
      1.688
    ],
    "simple_weapons:diamond_sickle": [
      767,
      1.864
    ],
    "simple_weapons:electrum_dagger": [
      887,
      0.904
    ],
    "simple_weapons:electrum_fist": [
      743,
      2.056
    ],
    "simple_weapons:electrum_greatsword": [
      719,
      2.248
    ],
    "simple_weapons:electrum_katana": [
      789,
      1.688
    ],
    "simple_weapons:electrum_scimitar": [
      851,
      1.192
    ],
    "simple_weapons:electrum_scythe": [
      789,
      1.688
    ],
    "simple_weapons:electrum_sickle": [
      767,
      1.864
    ],
    "simple_weapons:electrum_spear": [
      453,
      4.376
    ],
    "simple_weapons:fiery_dagger": [
      1012,
      -0.096
    ],
    "simple_weapons:fiery_fist": [
      828,
      1.376
    ],
    "simple_weapons:fiery_greatsword": [
      800,
      1.6
    ],
    "simple_weapons:fiery_katana": [
      904,
      0.768
    ],
    "simple_weapons:fiery_scimitar": [
      972,
      0.224
    ],
    "simple_weapons:fiery_scythe": [
      904,
      0.768
    ],
    "simple_weapons:fiery_sickle": [
      880,
      0.96
    ],
    "simple_weapons:fiery_spear": [
      470,
      4.24
    ],
    "simple_weapons:iron_dagger": [
      1312,
      -2.496
    ],
    "simple_weapons:iron_fist": [
      1204,
      -1.632
    ],
    "simple_weapons:iron_greatsword": [
      1183,
      -1.464
    ],
    "simple_weapons:iron_katana": [
      1225,
      -1.8
    ],
    "simple_weapons:iron_scimitar": [
      1280,
      -2.24
    ],
    "simple_weapons:iron_scythe": [
      1225,
      -1.8
    ],
    "simple_weapons:iron_sickle": [
      1204,
      -1.632
    ],
    "simple_weapons:iron_spear": [
      975,
      0.2
    ],
    "simple_weapons:ironwood_dagger": [
      1233,
      -1.864
    ],
    "simple_weapons:ironwood_fist": [
      1125,
      -1.0
    ],
    "simple_weapons:ironwood_greatsword": [
      1104,
      -0.832
    ],
    "simple_weapons:ironwood_katana": [
      1146,
      -1.168
    ],
    "simple_weapons:ironwood_scimitar": [
      1201,
      -1.608
    ],
    "simple_weapons:ironwood_scythe": [
      1146,
      -1.168
    ],
    "simple_weapons:ironwood_sickle": [
      1125,
      -1.0
    ],
    "simple_weapons:ironwood_spear": [
      896,
      0.832
    ],
    "simple_weapons:knightmetal_dagger": [
      1201,
      -1.608
    ],
    "simple_weapons:knightmetal_fist": [
      1058,
      -0.464
    ],
    "simple_weapons:knightmetal_greatsword": [
      1033,
      -0.264
    ],
    "simple_weapons:knightmetal_katana": [
      1104,
      -0.832
    ],
    "simple_weapons:knightmetal_scimitar": [
      1165,
      -1.32
    ],
    "simple_weapons:knightmetal_scythe": [
      1104,
      -0.832
    ],
    "simple_weapons:knightmetal_sickle": [
      1081,
      -0.648
    ],
    "simple_weapons:knightmetal_spear": [
      768,
      1.856
    ],
    "simple_weapons:netherite_dagger": [
      710,
      2.32
    ],
    "simple_weapons:netherite_fist": [
      526,
      3.792
    ],
    "simple_weapons:netherite_greatsword": [
      498,
      4.016
    ],
    "simple_weapons:netherite_halberd": [
      168,
      6.656
    ],
    "simple_weapons:netherite_katana": [
      602,
      3.184
    ],
    "simple_weapons:netherite_scimitar": [
      670,
      2.64
    ],
    "simple_weapons:netherite_scythe": [
      602,
      3.184
    ],
    "simple_weapons:netherite_sickle": [
      578,
      3.376
    ],
    "simple_weapons:pendorite_dagger": [
      550,
      3.6
    ],
    "simple_weapons:pendorite_fist": [
      300,
      5.6
    ],
    "simple_weapons:pendorite_greatsword": [
      269,
      5.848
    ],
    "simple_weapons:pendorite_halberd": [
      1,
      9.056
    ],
    "simple_weapons:pendorite_katana": [
      412,
      4.704
    ],
    "simple_weapons:pendorite_scimitar": [
      485,
      4.12
    ],
    "simple_weapons:pendorite_scythe": [
      412,
      4.704
    ],
    "simple_weapons:pendorite_sickle": [
      385,
      4.92
    ],
    "simple_weapons:steeleaf_dagger": [
      1316,
      -2.528
    ],
    "simple_weapons:steeleaf_fist": [
      1172,
      -1.376
    ],
    "simple_weapons:steeleaf_greatsword": [
      1148,
      -1.184
    ],
    "simple_weapons:steeleaf_katana": [
      1218,
      -1.744
    ],
    "simple_weapons:steeleaf_scimitar": [
      1280,
      -2.24
    ],
    "simple_weapons:steeleaf_scythe": [
      1218,
      -1.744
    ],
    "simple_weapons:steeleaf_sickle": [
      1196,
      -1.568
    ],
    "simple_weapons:steeleaf_spear": [
      882,
      0.944
    ],
    "simple_weapons:stone_dagger": [
      1362,
      -2.896
    ],
    "simple_weapons:stone_fist": [
      1280,
      -2.24
    ],
    "simple_weapons:stone_greatsword": [
      1260,
      -2.08
    ],
    "simple_weapons:stone_katana": [
      1298,
      -2.384
    ],
    "simple_weapons:stone_scimitar": [
      1332,
      -2.656
    ],
    "simple_weapons:stone_scythe": [
      1298,
      -2.384
    ],
    "simple_weapons:stone_sickle": [
      1280,
      -2.24
    ],
    "simple_weapons:stone_spear": [
      1122,
      -0.976
    ],
    "simple_weapons:warden_dagger": [
      518,
      3.856
    ],
    "simple_weapons:warden_fist": [
      216,
      6.272
    ],
    "simple_weapons:warden_greatsword": [
      182,
      6.544
    ],
    "simple_weapons:warden_katana": [
      368,
      5.056
    ],
    "simple_weapons:warden_scimitar": [
      448,
      4.416
    ],
    "simple_weapons:warden_scythe": [
      368,
      5.056
    ],
    "simple_weapons:warden_sickle": [
      340,
      5.28
    ],
    "simple_weapons:warden_spear": [
      1,
      10.376
    ]
  },
  "OFFHAND": {
    "minecraft:ender_pearl": [
      1100,
      0.0
    ],
    "minecraft:flint_and_steel": [
      1200,
      0.0
    ],
    "minecraft:lava_bucket": [
      900,
      0.0
    ],
    "minecraft:shield": [
      1350,
      0.0
    ],
    "shieldexp:diamond_shield": [
      1350,
      0.0
    ],
    "shieldexp:golden_shield": [
      1350,
      0.0
    ],
    "shieldexp:griefer_shield": [
      1350,
      0.0
    ],
    "shieldexp:iron_shield": [
      1350,
      0.0
    ],
    "shieldexp:netherite_shield": [
      1350,
      0.0
    ],
    "shieldexp:paragon_shield": [
      1350,
      0.0
    ],
    "shieldexp:wooden_shield": [
      1350,
      0.0
    ]
  },
  "FEET": {
    "alexsmobs:flying_fish_boots": [
      1298,
      -2.384
    ],
    "alexsmobs:roadrunner_boots": [
      737,
      2.104
    ],
    "eidolon:silver_boots": [
      786,
      1.712
    ],
    "eidolon:warlock_boots": [
      861,
      1.112
    ],
    "enlightened_end:adamantite_armor_boots": [
      1,
      8.4
    ],
    "enlightened_end:boost_boots_boots": [
      727,
      2.184
    ],
    "irons_spellbooks:archevoker_boots": [
      29,
      7.768
    ],
    "irons_spellbooks:cryomancer_boots": [
      29,
      7.768
    ],
    "irons_spellbooks:cultist_boots": [
      29,
      7.768
    ],
    "irons_spellbooks:electromancer_boots": [
      29,
      7.768
    ],
    "irons_spellbooks:plagued_boots": [
      29,
      7.768
    ],
    "irons_spellbooks:priest_boots": [
      29,
      7.768
    ],
    "irons_spellbooks:pumpkin_boots": [
      90,
      7.28
    ],
    "irons_spellbooks:pyromancer_boots": [
      29,
      7.768
    ],
    "irons_spellbooks:shadowwalker_boots": [
      29,
      7.768
    ],
    "irons_spellbooks:wandering_magician_boots": [
      805,
      1.56
    ],
    "knight_quest:kq_apple_red_set_boots": [
      48,
      7.616
    ],
    "knight_quest:kq_apple_set_boots": [
      48,
      7.616
    ],
    "knight_quest:kq_bamboo_black_set_boots": [
      48,
      7.616
    ],
    "knight_quest:kq_bamboo_blue_set_boots": [
      48,
      7.616
    ],
    "knight_quest:kq_bamboo_green_set_boots": [
      49,
      7.608
    ],
    "knight_quest:kq_bamboo_orange_boots": [
      48,
      7.616
    ],
    "knight_quest:kq_bamboo_red_set_boots": [
      48,
      7.616
    ],
    "knight_quest:kq_bamboo_white_set_boots": [
      48,
      7.616
    ],
    "knight_quest:kq_bat_set_boots": [
      48,
      7.616
    ],
    "knight_quest:kq_black_mage_set_boots": [
      48,
      7.616
    ],
    "knight_quest:kq_blaze_set_boots": [
      48,
      7.616
    ],
    "knight_quest:kq_bow_set_boots": [
      48,
      7.616
    ],
    "knight_quest:kq_bull_set_boots": [
      48,
      7.616
    ],
    "knight_quest:kq_charm_set_boots": [
      757,
      1.944
    ],
    "knight_quest:kq_corsair_set_boots": [
      48,
      7.616
    ],
    "knight_quest:kq_creeper_set_boots": [
      48,
      7.616
    ],
    "knight_quest:kq_deepslate_set_boots": [
      48,
      7.616
    ],
    "knight_quest:kq_enderdragon_set_boots": [
      1,
      8.52
    ],
    "knight_quest:kq_enderman_set_boots": [
      48,
      7.616
    ],
    "knight_quest:kq_evoker_set_boots": [
      48,
      7.616
    ],
    "knight_quest:kq_forze_set_boots": [
      1,
      8.52
    ],
    "knight_quest:kq_ghast_set_boots": [
      48,
      7.616
    ],
    "knight_quest:kq_husk_set_boots": [
      48,
      7.616
    ],
    "knight_quest:kq_nether_set_boots": [
      48,
      7.616
    ],
    "knight_quest:kq_path_set_boots": [
      48,
      7.616
    ],
    "knight_quest:kq_phantom_set_boots": [
      48,
      7.616
    ],
    "knight_quest:kq_pirate_1_set_boots": [
      48,
      7.616
    ],
    "knight_quest:kq_polar_bear_set_boots": [
      48,
      7.616
    ],
    "knight_quest:kq_sculk_1_set_boots": [
      48,
      7.616
    ],
    "knight_quest:kq_sea_set_boots": [
      48,
      7.616
    ],
    "knight_quest:kq_shield_set_boots": [
      48,
      7.616
    ],
    "knight_quest:kq_silver_set_boots": [
      48,
      7.616
    ],
    "knight_quest:kq_silverfish_set_boots": [
      48,
      7.616
    ],
    "knight_quest:kq_skeleton_set_boots": [
      48,
      7.616
    ],
    "knight_quest:kq_spider_set_boots": [
      48,
      7.616
    ],
    "knight_quest:kq_squire_set_boots": [
      48,
      7.616
    ],
    "knight_quest:kq_veteran_set_boots": [
      1,
      8.52
    ],
    "knight_quest:kq_witch_set_boots": [
      48,
      7.616
    ],
    "knight_quest:kq_wither_set_boots": [
      1,
      8.48
    ],
    "knight_quest:kq_zombie_set_boots": [
      48,
      7.616
    ],
    "majruszsdifficulty:enderium_boots": [
      1,
      10.688
    ],
    "majruszsdifficulty:tattered_boots": [
      1302,
      -2.416
    ],
    "malum:soul_hunter_boots": [
      1041,
      -0.328
    ],
    "malum:soul_stained_steel_boots": [
      370,
      5.04
    ],
    "minecraft:chainmail_boots": [
      1098,
      -0.784
    ],
    "minecraft:diamond_boots": [
      444,
      4.448
    ],
    "minecraft:golden_boots": [
      1201,
      -1.608
    ],
    "minecraft:iron_boots": [
      954,
      0.368
    ],
    "minecraft:leather_boots": [
      1356,
      -2.848
    ],
    "minecraft:netherite_boots": [
      361,
      5.112
    ],
    "mutantmonsters:mutant_skeleton_boots": [
      542,
      3.664
    ],
    "roamers:wool_boots": [
      1302,
      -2.416
    ]
  },
  "LEGS": {
    "alexsmobs:centipede_leggings": [
      1,
      13.328
    ],
    "alexsmobs:emu_leggings": [
      520,
      3.84
    ],
    "eidolon:bonelord_greaves": [
      1,
      8.216
    ],
    "eidolon:silver_leggings": [
      786,
      1.712
    ],
    "enemyexpansion:sprintshorts_leggings": [
      1210,
      -1.68
    ],
    "enlightened_end:adamantite_armor_leggings": [
      1,
      8.4
    ],
    "enlightened_end:dashing_leggings_leggings": [
      1024,
      -0.192
    ],
    "irons_spellbooks:archevoker_leggings": [
      29,
      7.768
    ],
    "irons_spellbooks:cryomancer_leggings": [
      29,
      7.768
    ],
    "irons_spellbooks:cultist_leggings": [
      29,
      7.768
    ],
    "irons_spellbooks:electromancer_leggings": [
      29,
      7.768
    ],
    "irons_spellbooks:plagued_leggings": [
      29,
      7.768
    ],
    "irons_spellbooks:priest_leggings": [
      29,
      7.768
    ],
    "irons_spellbooks:pumpkin_leggings": [
      90,
      7.28
    ],
    "irons_spellbooks:pyromancer_leggings": [
      29,
      7.768
    ],
    "irons_spellbooks:shadowwalker_leggings": [
      29,
      7.768
    ],
    "irons_spellbooks:wandering_magician_leggings": [
      805,
      1.56
    ],
    "knight_quest:kq_apple_red_set_leggings": [
      48,
      7.616
    ],
    "knight_quest:kq_apple_set_leggings": [
      48,
      7.616
    ],
    "knight_quest:kq_bamboo_black_set_leggings": [
      48,
      7.616
    ],
    "knight_quest:kq_bamboo_blue_set_leggings": [
      48,
      7.616
    ],
    "knight_quest:kq_bamboo_green_set_leggings": [
      49,
      7.608
    ],
    "knight_quest:kq_bamboo_orange_leggings": [
      48,
      7.616
    ],
    "knight_quest:kq_bamboo_red_set_leggings": [
      48,
      7.616
    ],
    "knight_quest:kq_bamboo_white_set_leggings": [
      48,
      7.616
    ],
    "knight_quest:kq_bat_set_leggings": [
      48,
      7.616
    ],
    "knight_quest:kq_black_mage_set_leggings": [
      48,
      7.616
    ],
    "knight_quest:kq_blaze_set_leggings": [
      48,
      7.616
    ],
    "knight_quest:kq_bow_set_leggings": [
      48,
      7.616
    ],
    "knight_quest:kq_bull_set_leggings": [
      48,
      7.616
    ],
    "knight_quest:kq_charm_set_leggings": [
      757,
      1.944
    ],
    "knight_quest:kq_corsair_set_leggings": [
      48,
      7.616
    ],
    "knight_quest:kq_creeper_set_leggings": [
      48,
      7.616
    ],
    "knight_quest:kq_deepslate_set_leggings": [
      48,
      7.616
    ],
    "knight_quest:kq_enderdragon_set_leggings": [
      1,
      8.52
    ],
    "knight_quest:kq_enderman_set_leggings": [
      48,
      7.616
    ],
    "knight_quest:kq_evoker_set_leggings": [
      48,
      7.616
    ],
    "knight_quest:kq_forze_set_leggings": [
      1,
      8.52
    ],
    "knight_quest:kq_ghast_set_leggings": [
      48,
      7.616
    ],
    "knight_quest:kq_husk_set_leggings": [
      48,
      7.616
    ],
    "knight_quest:kq_iron_set_1_leggings": [
      622,
      3.024
    ],
    "knight_quest:kq_iron_set_2_leggings": [
      622,
      3.024
    ],
    "knight_quest:kq_iron_set_3_leggings": [
      622,
      3.024
    ],
    "knight_quest:kq_iron_set_4_leggings": [
      622,
      3.024
    ],
    "knight_quest:kq_iron_set_5_leggings": [
      622,
      3.024
    ],
    "knight_quest:kq_iron_set_6_leggings": [
      622,
      3.024
    ],
    "knight_quest:kq_iron_set_7_leggings": [
      622,
      3.024
    ],
    "knight_quest:kq_iron_set_8_leggings": [
      622,
      3.024
    ],
    "knight_quest:kq_iron_set_91_leggings": [
      622,
      3.024
    ],
    "knight_quest:kq_iron_set_92_leggings": [
      622,
      3.024
    ],
    "knight_quest:kq_iron_set_9_leggings": [
      622,
      3.024
    ],
    "knight_quest:kq_nether_set_leggings": [
      48,
      7.616
    ],
    "knight_quest:kq_path_set_leggings": [
      48,
      7.616
    ],
    "knight_quest:kq_phantom_set_leggings": [
      48,
      7.616
    ],
    "knight_quest:kq_pirate_1_set_leggings": [
      48,
      7.616
    ],
    "knight_quest:kq_polar_bear_set_leggings": [
      48,
      7.616
    ],
    "knight_quest:kq_sculk_1_set_leggings": [
      48,
      7.616
    ],
    "knight_quest:kq_sea_set_leggings": [
      48,
      7.616
    ],
    "knight_quest:kq_shield_set_leggings": [
      48,
      7.616
    ],
    "knight_quest:kq_silver_set_leggings": [
      48,
      7.616
    ],
    "knight_quest:kq_silverfish_set_leggings": [
      48,
      7.616
    ],
    "knight_quest:kq_skeleton_set_leggings": [
      48,
      7.616
    ],
    "knight_quest:kq_spider_set_leggings": [
      48,
      7.616
    ],
    "knight_quest:kq_squire_set_leggings": [
      48,
      7.616
    ],
    "knight_quest:kq_veteran_set_leggings": [
      1,
      8.52
    ],
    "knight_quest:kq_witch_set_leggings": [
      48,
      7.616
    ],
    "knight_quest:kq_wither_set_leggings": [
      1,
      8.48
    ],
    "knight_quest:kq_zombie_set_leggings": [
      48,
      7.616
    ],
    "majruszsdifficulty:enderium_leggings": [
      1,
      10.688
    ],
    "majruszsdifficulty:tattered_leggings": [
      1302,
      -2.416
    ],
    "malum:soul_hunter_leggings": [
      1041,
      -0.328
    ],
    "malum:soul_stained_steel_leggings": [
      370,
      5.04
    ],
    "minecraft:chainmail_leggings": [
      1098,
      -0.784
    ],
    "minecraft:diamond_leggings": [
      444,
      4.448
    ],
    "minecraft:golden_leggings": [
      1201,
      -1.608
    ],
    "minecraft:iron_leggings": [
      954,
      0.368
    ],
    "minecraft:leather_leggings": [
      1356,
      -2.848
    ],
    "minecraft:netherite_leggings": [
      361,
      5.112
    ],
    "mutantmonsters:mutant_skeleton_leggings": [
      542,
      3.664
    ],
    "roamers:wool_leggings": [
      1302,
      -2.416
    ]
  },
  "CHEST": {
    "alexsmobs:crocodile_chestplate": [
      194,
      6.448
    ],
    "alexsmobs:rocky_chestplate": [
      256,
      5.952
    ],
    "alexsmobs:tarantula_hawk_elytra": [
      897,
      0.824
    ],
    "alexsmobs:unsettling_kimono": [
      900,
      0.8
    ],
    "eidolon:bonelord_chestplate": [
      1,
      8.216
    ],
    "eidolon:silver_chestplate": [
      786,
      1.712
    ],
    "eidolon:warlock_cloak": [
      861,
      1.112
    ],
    "enemyexpansion:brutish_chestplate": [
      1433,
      -3.464
    ],
    "enemyexpansion:flutterfliers_chestplate": [
      1415,
      -3.32
    ],
    "enemyexpansion:phantasm_chestplate": [
      925,
      0.6
    ],
    "enemyexpansion:slugvest_chestplate": [
      1034,
      -0.272
    ],
    "enemyexpansion:spectral_chestplate": [
      1408,
      -3.264
    ],
    "enlightened_end:adamantite_armor_chestplate": [
      1,
      8.4
    ],
    "irons_spellbooks:archevoker_chestplate": [
      29,
      7.768
    ],
    "irons_spellbooks:cryomancer_chestplate": [
      29,
      7.768
    ],
    "irons_spellbooks:cultist_chestplate": [
      29,
      7.768
    ],
    "irons_spellbooks:electromancer_chestplate": [
      29,
      7.768
    ],
    "irons_spellbooks:plagued_chestplate": [
      29,
      7.768
    ],
    "irons_spellbooks:priest_chestplate": [
      29,
      7.768
    ],
    "irons_spellbooks:pumpkin_chestplate": [
      90,
      7.28
    ],
    "irons_spellbooks:pyromancer_chestplate": [
      29,
      7.768
    ],
    "irons_spellbooks:shadowwalker_chestplate": [
      29,
      7.768
    ],
    "irons_spellbooks:wandering_magician_chestplate": [
      805,
      1.56
    ],
    "knight_quest:kq_apple_red_set_chestplate": [
      48,
      7.616
    ],
    "knight_quest:kq_apple_set_chestplate": [
      48,
      7.616
    ],
    "knight_quest:kq_bamboo_black_set_chestplate": [
      48,
      7.616
    ],
    "knight_quest:kq_bamboo_blue_set_chestplate": [
      48,
      7.616
    ],
    "knight_quest:kq_bamboo_green_set_chestplate": [
      49,
      7.608
    ],
    "knight_quest:kq_bamboo_orange_chestplate": [
      48,
      7.616
    ],
    "knight_quest:kq_bamboo_red_set_chestplate": [
      48,
      7.616
    ],
    "knight_quest:kq_bamboo_white_set_chestplate": [
      48,
      7.616
    ],
    "knight_quest:kq_bat_set_chestplate": [
      48,
      7.616
    ],
    "knight_quest:kq_black_mage_set_chestplate": [
      48,
      7.616
    ],
    "knight_quest:kq_blaze_set_chestplate": [
      48,
      7.616
    ],
    "knight_quest:kq_bow_set_chestplate": [
      48,
      7.616
    ],
    "knight_quest:kq_bull_set_chestplate": [
      48,
      7.616
    ],
    "knight_quest:kq_charm_set_chestplate": [
      757,
      1.944
    ],
    "knight_quest:kq_corsair_set_chestplate": [
      48,
      7.616
    ],
    "knight_quest:kq_creeper_set_chestplate": [
      48,
      7.616
    ],
    "knight_quest:kq_deepslate_set_chestplate": [
      48,
      7.616
    ],
    "knight_quest:kq_enderdragon_set_chestplate": [
      1,
      8.52
    ],
    "knight_quest:kq_enderman_set_chestplate": [
      48,
      7.616
    ],
    "knight_quest:kq_evoker_set_chestplate": [
      48,
      7.616
    ],
    "knight_quest:kq_forze_set_chestplate": [
      1,
      8.52
    ],
    "knight_quest:kq_ghast_set_chestplate": [
      48,
      7.616
    ],
    "knight_quest:kq_husk_set_chestplate": [
      48,
      7.616
    ],
    "knight_quest:kq_iron_set_1_chestplate": [
      622,
      3.024
    ],
    "knight_quest:kq_iron_set_2_chestplate": [
      622,
      3.024
    ],
    "knight_quest:kq_iron_set_3_chestplate": [
      622,
      3.024
    ],
    "knight_quest:kq_nether_set_chestplate": [
      48,
      7.616
    ],
    "knight_quest:kq_path_set_chestplate": [
      48,
      7.616
    ],
    "knight_quest:kq_phantom_set_chestplate": [
      48,
      7.616
    ],
    "knight_quest:kq_pirate_1_set_chestplate": [
      48,
      7.616
    ],
    "knight_quest:kq_polar_bear_set_chestplate": [
      48,
      7.616
    ],
    "knight_quest:kq_sculk_1_set_chestplate": [
      48,
      7.616
    ],
    "knight_quest:kq_sculk_2_set_chestplate": [
      48,
      7.616
    ],
    "knight_quest:kq_sea_set_chestplate": [
      48,
      7.616
    ],
    "knight_quest:kq_shield_set_chestplate": [
      48,
      7.616
    ],
    "knight_quest:kq_silver_set_chestplate": [
      48,
      7.616
    ],
    "knight_quest:kq_silverfish_set_chestplate": [
      48,
      7.616
    ],
    "knight_quest:kq_skeleton_set_chestplate": [
      48,
      7.616
    ],
    "knight_quest:kq_spider_set_chestplate": [
      48,
      7.616
    ],
    "knight_quest:kq_squire_set_chestplate": [
      48,
      7.616
    ],
    "knight_quest:kq_veteran_set_chestplate": [
      1,
      8.52
    ],
    "knight_quest:kq_witch_set_chestplate": [
      48,
      7.616
    ],
    "knight_quest:kq_wither_set_chestplate": [
      1,
      8.48
    ],
    "knight_quest:kq_zombie_set_chestplate": [
      48,
      7.616
    ],
    "majruszsdifficulty:enderium_chestplate": [
      1,
      10.688
    ],
    "majruszsdifficulty:tattered_chestplate": [
      1302,
      -2.416
    ],
    "malum:soul_hunter_robe": [
      1041,
      -0.328
    ],
    "malum:soul_stained_steel_chestplate": [
      370,
      5.04
    ],
    "minecraft:chainmail_chestplate": [
      1098,
      -0.784
    ],
    "minecraft:diamond_chestplate": [
      444,
      4.448
    ],
    "minecraft:golden_chestplate": [
      1201,
      -1.608
    ],
    "minecraft:iron_chestplate": [
      954,
      0.368
    ],
    "minecraft:leather_chestplate": [
      1356,
      -2.848
    ],
    "minecraft:netherite_chestplate": [
      361,
      5.112
    ],
    "mutantmonsters:mutant_skeleton_chestplate": [
      542,
      3.664
    ],
    "quark:backpack": [
      1356,
      -2.848
    ],
    "roamers:wool_chestplate": [
      1302,
      -2.416
    ]
  },
  "HEAD": {
    "alexsmobs:fedora": [
      1099,
      -0.792
    ],
    "alexsmobs:frontier_cap": [
      657,
      2.744
    ],
    "alexsmobs:froststalker_helmet": [
      880,
      0.96
    ],
    "alexsmobs:moose_headgear": [
      716,
      2.272
    ],
    "alexsmobs:novelty_hat": [
      1103,
      -0.824
    ],
    "alexsmobs:sombrero": [
      1036,
      -0.288
    ],
    "alexsmobs:spiked_turtle_shell": [
      443,
      4.456
    ],
    "dungeons_plus:frosted_cowl": [
      1165,
      -1.32
    ],
    "eidolon:bonelord_helm": [
      1,
      8.216
    ],
    "eidolon:silver_helmet": [
      786,
      1.712
    ],
    "eidolon:top_hat": [
      1362,
      -2.896
    ],
    "eidolon:warlock_hat": [
      861,
      1.112
    ],
    "enemyexpansion:banemask_helmet": [
      1409,
      -3.272
    ],
    "enemyexpansion:bull_skull_helmet": [
      1421,
      -3.368
    ],
    "enemyexpansion:cinder_helm_helmet": [
      786,
      1.712
    ],
    "enemyexpansion:gladling_helmet": [
      1418,
      -3.344
    ],
    "enemyexpansion:headbiter_helmet": [
      1027,
      -0.216
    ],
    "enemyexpansion:horsehead_helmet": [
      1436,
      -3.488
    ],
    "enemyexpansion:meathead_armor_helmet": [
      750,
      2.0
    ],
    "enemyexpansion:mini_wither_helmet": [
      1367,
      -2.936
    ],
    "enemyexpansion:phantasm_helmet": [
      925,
      0.6
    ],
    "enemyexpansion:silverhat_helmet": [
      1129,
      -1.032
    ],
    "enemyexpansion:slimehead_helmet": [
      1229,
      -1.832
    ],
    "enemyexpansion:spectral_helmet": [
      1408,
      -3.264
    ],
    "enemyexpansion:spiderlatch_helmet": [
      1245,
      -1.96
    ],
    "enemyexpansion:trollface_helmet": [
      1396,
      -3.168
    ],
    "enlightened_end:adamantite_armor_helmet": [
      1,
      8.4
    ],
    "irons_spellbooks:archevoker_helmet": [
      29,
      7.768
    ],
    "irons_spellbooks:cryomancer_helmet": [
      29,
      7.768
    ],
    "irons_spellbooks:cultist_helmet": [
      29,
      7.768
    ],
    "irons_spellbooks:electromancer_helmet": [
      29,
      7.768
    ],
    "irons_spellbooks:plagued_helmet": [
      29,
      7.768
    ],
    "irons_spellbooks:priest_helmet": [
      29,
      7.768
    ],
    "irons_spellbooks:pumpkin_helmet": [
      90,
      7.28
    ],
    "irons_spellbooks:pyromancer_helmet": [
      29,
      7.768
    ],
    "irons_spellbooks:shadowwalker_helmet": [
      29,
      7.768
    ],
    "irons_spellbooks:tarnished_helmet": [
      1178,
      -1.424
    ],
    "irons_spellbooks:wandering_magician_helmet": [
      805,
      1.56
    ],
    "knight_quest:kq_apple_red_set_helmet": [
      48,
      7.616
    ],
    "knight_quest:kq_apple_set_helmet": [
      48,
      7.616
    ],
    "knight_quest:kq_bamboo_black_set_helmet": [
      48,
      7.616
    ],
    "knight_quest:kq_bamboo_blue_set_helmet": [
      48,
      7.616
    ],
    "knight_quest:kq_bamboo_green_set_helmet": [
      49,
      7.608
    ],
    "knight_quest:kq_bamboo_orange_helmet": [
      48,
      7.616
    ],
    "knight_quest:kq_bamboo_red_set_helmet": [
      48,
      7.616
    ],
    "knight_quest:kq_bamboo_white_set_helmet": [
      48,
      7.616
    ],
    "knight_quest:kq_bat_set_helmet": [
      48,
      7.616
    ],
    "knight_quest:kq_black_mage_set_helmet": [
      48,
      7.616
    ],
    "knight_quest:kq_blaze_set_helmet": [
      48,
      7.616
    ],
    "knight_quest:kq_bow_set_helmet": [
      48,
      7.616
    ],
    "knight_quest:kq_bull_set_helmet": [
      48,
      7.616
    ],
    "knight_quest:kq_charm_set_helmet": [
      757,
      1.944
    ],
    "knight_quest:kq_corsair_captain_set_helmet": [
      48,
      7.616
    ],
    "knight_quest:kq_corsair_set_helmet": [
      48,
      7.616
    ],
    "knight_quest:kq_creeper_set_helmet": [
      48,
      7.616
    ],
    "knight_quest:kq_deepslate_marbled_set_helmet": [
      48,
      7.616
    ],
    "knight_quest:kq_deepslate_set_helmet": [
      48,
      7.616
    ],
    "knight_quest:kq_enderdragon_set_helmet": [
      1,
      8.52
    ],
    "knight_quest:kq_enderman_set_helmet": [
      48,
      7.616
    ],
    "knight_quest:kq_evoker_set_helmet": [
      48,
      7.616
    ],
    "knight_quest:kq_fencer_set_helmet": [
      48,
      7.616
    ],
    "knight_quest:kq_forze_set_helmet": [
      1,
      8.52
    ],
    "knight_quest:kq_ghast_set_helmet": [
      48,
      7.616
    ],
    "knight_quest:kq_hero_set_helmet": [
      48,
      7.616
    ],
    "knight_quest:kq_hollow_set_helmet": [
      48,
      7.616
    ],
    "knight_quest:kq_husk_2_set_helmet": [
      48,
      7.616
    ],
    "knight_quest:kq_husk_3_set_helmet": [
      48,
      7.616
    ],
    "knight_quest:kq_husk_set_helmet": [
      48,
      7.616
    ],
    "knight_quest:kq_iron_set_1_helmet": [
      622,
      3.024
    ],
    "knight_quest:kq_iron_set_3_helmet": [
      622,
      3.024
    ],
    "knight_quest:kq_iron_set_4_helmet": [
      622,
      3.024
    ],
    "knight_quest:kq_iron_set_5_helmet": [
      622,
      3.024
    ],
    "knight_quest:kq_iron_set_6_helmet": [
      622,
      3.024
    ],
    "knight_quest:kq_iron_set_7_helmet": [
      622,
      3.024
    ],
    "knight_quest:kq_nether_set_helmet": [
      48,
      7.616
    ],
    "knight_quest:kq_path_set_helmet": [
      48,
      7.616
    ],
    "knight_quest:kq_phantom_set_helmet": [
      48,
      7.616
    ],
    "knight_quest:kq_pirate_1_set_helmet": [
      48,
      7.616
    ],
    "knight_quest:kq_pirate_2_set_helmet": [
      48,
      7.616
    ],
    "knight_quest:kq_pirate_3_set_helmet": [
      48,
      7.616
    ],
    "knight_quest:kq_polar_bear_set_helmet": [
      48,
      7.616
    ],
    "knight_quest:kq_sculk_1_set_helmet": [
      48,
      7.616
    ],
    "knight_quest:kq_sculk_2_set_helmet": [
      48,
      7.616
    ],
    "knight_quest:kq_sea_set_helmet": [
      48,
      7.616
    ],
    "knight_quest:kq_shield_set_helmet": [
      48,
      7.616
    ],
    "knight_quest:kq_silver_set_helmet": [
      48,
      7.616
    ],
    "knight_quest:kq_silverfish_set_helmet": [
      48,
      7.616
    ],
    "knight_quest:kq_skeleton_set_helmet": [
      48,
      7.616
    ],
    "knight_quest:kq_skulk_3_set_helmet": [
      48,
      7.616
    ],
    "knight_quest:kq_skulk_4_helmet": [
      48,
      7.616
    ],
    "knight_quest:kq_spider_set_helmet": [
      48,
      7.616
    ],
    "knight_quest:kq_squire_set_helmet": [
      48,
      7.616
    ],
    "knight_quest:kq_tengu_set_helmet": [
      48,
      7.616
    ],
    "knight_quest:kq_veteran_set_helmet": [
      1,
      8.52
    ],
    "knight_quest:kq_witch_set_helmet": [
      48,
      7.616
    ],
    "knight_quest:kq_wither_set_helmet": [
      1,
      8.48
    ],
    "knight_quest:kq_zombie_2_set_helmet": [
      48,
      7.616
    ],
    "knight_quest:kq_zombie_set_helmet": [
      48,
      7.616
    ],
    "majruszsdifficulty:enderium_helmet": [
      1,
      10.688
    ],
    "majruszsdifficulty:tattered_helmet": [
      1302,
      -2.416
    ],
    "malum:soul_hunter_cloak": [
      1041,
      -0.328
    ],
    "malum:soul_stained_steel_helmet": [
      370,
      5.04
    ],
    "minecraft:chainmail_helmet": [
      1098,
      -0.784
    ],
    "minecraft:diamond_helmet": [
      444,
      4.448
    ],
    "minecraft:golden_helmet": [
      1201,
      -1.608
    ],
    "minecraft:iron_helmet": [
      954,
      0.368
    ],
    "minecraft:leather_helmet": [
      1356,
      -2.848
    ],
    "minecraft:netherite_helmet": [
      361,
      5.112
    ],
    "minecraft:turtle_helmet": [
      865,
      1.08
    ],
    "quark:forgotten_hat": [
      1356,
      -2.848
    ],
    "roamers:wool_helmet": [
      1302,
      -2.416
    ]
  }
}